Area code,Area name," No religion
(number) "," Christian
(number) "," Buddhist
(number) "," Hindu
(number) "," Jewish
(number) "," Muslim
(number) "," Sikh
(number) "," Other religion
(number) "," Not answered
(number) ","No religion
(percent)","Christian
(percent)","Buddhist
(percent)","Hindu
(percent)","Jewish
(percent)","Muslim
(percent)","Sikh
(percent)","Other religion
(percent)","Not answered
(percent)"
E06000001,Hartlepool," 36,995 "," 48,495 ", 180 , 222 , 27 ," 1,213 ", 166 , 285 ," 4,755 ",40.1,52.5,0.2,0.2,0.0,1.3,0.2,0.3,5.1
E06000002,Middlesbrough," 52,415 "," 66,143 ", 437 ," 1,436 ", 41 ," 14,703 ", 606 , 460 ," 7,683 ",36.4,46.0,0.3,1.0,0.0,10.2,0.4,0.3,5.3
E06000003,Redcar and Cleveland," 54,921 "," 72,359 ", 280 , 139 , 37 , 984 , 70 , 491 ," 7,248 ",40.2,53.0,0.2,0.1,0.0,0.7,0.1,0.4,5.3
E06000004,Stockton-on-Tees," 76,840 "," 100,420 ", 532 , 811 , 61 ," 6,675 ", 782 , 550 ," 9,924 ",39.1,51.1,0.3,0.4,0.0,3.4,0.4,0.3,5.0
E06000005,Darlington," 42,780 "," 56,194 ", 344 , 453 , 36 ," 1,849 ", 443 , 404 ," 5,296 ",39.7,52.1,0.3,0.4,0.0,1.7,0.4,0.4,4.9
E06000006,Halton," 45,261 "," 75,269 ", 291 , 327 , 46 , 805 , 80 , 453 ," 5,946 ",35.2,58.6,0.2,0.3,0.0,0.6,0.1,0.4,4.6
E06000007,Warrington," 73,042 "," 119,650 ", 605 ," 1,495 ", 190 ," 3,686 ", 478 , 794 ," 11,034 ",34.6,56.7,0.3,0.7,0.1,1.7,0.2,0.4,5.2
E06000008,Blackburn with Darwen," 32,717 "," 58,793 ", 262 , 483 , 49 ," 54,146 ", 139 , 439 ," 7,711 ",21.1,38.0,0.2,0.3,0.0,35.0,0.1,0.3,5.0
E06000009,Blackpool," 57,812 "," 71,698 ", 500 , 511 , 227 ," 2,004 ", 109 , 707 ," 7,468 ",41.0,50.8,0.4,0.4,0.2,1.4,0.1,0.5,5.3
E06000010,"Kingston upon Hull, City of"," 131,424 "," 106,411 ", 746 , 646 , 146 ," 9,285 ", 277 ," 1,124 "," 16,957 ",49.2,39.9,0.3,0.2,0.1,3.5,0.1,0.4,6.4
E06000011,East Riding of Yorkshire," 133,916 "," 182,396 ", 885 , 758 , 284 ," 1,966 ", 227 ," 1,224 "," 20,560 ",39.1,53.3,0.3,0.2,0.1,0.6,0.1,0.4,6.0
E06000012,North East Lincolnshire," 73,008 "," 71,063 ", 417 , 425 , 79 ," 1,922 ", 183 , 653 ," 9,218 ",46.5,45.3,0.3,0.3,0.1,1.2,0.1,0.4,5.9
E06000013,North Lincolnshire," 65,581 "," 88,455 ", 406 , 418 , 49 ," 4,201 ", 566 , 614 ," 9,390 ",38.6,52.1,0.2,0.2,0.0,2.5,0.3,0.4,5.5
E06000014,York," 93,577 "," 89,019 "," 1,045 "," 1,043 ", 273 ," 2,488 ", 179 ," 1,266 "," 13,930 ",46.1,43.9,0.5,0.5,0.1,1.2,0.1,0.6,6.9
E06000015,Derby," 95,639 "," 104,969 ", 828 ," 3,065 ", 150 ," 29,137 "," 9,762 "," 1,297 "," 16,517 ",36.6,40.2,0.3,1.2,0.1,11.1,3.7,0.5,6.3
E06000016,Leicester," 84,607 "," 91,161 "," 1,181 "," 65,821 ", 326 ," 86,443 "," 16,451 "," 2,075 "," 20,509 ",23.0,24.7,0.3,17.9,0.1,23.5,4.5,0.6,5.6
E06000017,Rutland," 15,239 "," 22,728 ", 150 , 125 , 53 , 258 , 67 , 201 ," 2,231 ",37.1,55.4,0.4,0.3,0.1,0.6,0.2,0.5,5.4
E06000018,Nottingham," 133,403 "," 112,200 "," 1,671 "," 5,403 ", 941 ," 39,540 "," 4,110 "," 2,263 "," 24,099 ",41.2,34.7,0.5,1.7,0.3,12.2,1.3,0.7,7.4
E06000019,"Herefordshire, County of"," 68,475 "," 102,614 ", 646 , 384 , 142 , 790 , 117 , 904 ," 12,962 ",36.6,54.9,0.3,0.2,0.1,0.4,0.1,0.5,6.9
E06000020,Telford and Wrekin," 75,965 "," 88,275 ", 597 ," 1,352 ", 78 ," 5,043 "," 2,851 ", 933 ," 10,448 ",40.9,47.6,0.3,0.7,0.0,2.7,1.5,0.5,5.6
E06000021,Stoke-on-Trent," 97,433 "," 118,434 ", 811 ," 1,356 ", 83 ," 23,790 ", 602 ," 1,150 "," 14,710 ",37.7,45.8,0.3,0.5,0.0,9.2,0.2,0.4,5.7
E06000022,Bath and North East Somerset," 92,567 "," 81,553 ", 996 , 875 , 325 ," 1,909 ", 162 ," 1,097 "," 13,930 ",47.9,42.2,0.5,0.5,0.2,1.0,0.1,0.6,7.2
E06000023,"Bristol, City of"," 242,864 "," 152,126 "," 2,710 "," 3,545 "," 1,228 "," 31,776 "," 2,247 "," 3,546 "," 32,423 ",51.4,32.2,0.6,0.8,0.3,6.7,0.5,0.8,6.9
E06000024,North Somerset," 98,085 "," 100,990 ", 695 , 468 , 166 ," 1,346 ", 117 ," 1,166 "," 13,696 ",45.3,46.6,0.3,0.2,0.1,0.6,0.1,0.5,6.3
E06000025,South Gloucestershire," 133,749 "," 128,014 "," 1,056 "," 2,896 ", 173 ," 4,720 "," 1,006 "," 1,319 "," 17,492 ",46.1,44.1,0.4,1.0,0.1,1.6,0.3,0.5,6.0
E06000026,Plymouth," 129,338 "," 112,526 "," 1,018 ", 814 , 207 ," 3,474 ", 96 ," 1,527 "," 15,695 ",48.9,42.5,0.4,0.3,0.1,1.3,0.0,0.6,5.9
E06000027,Torbay," 60,178 "," 67,634 ", 553 , 223 , 141 , 788 , 60 , 976 ," 8,771 ",43.2,48.5,0.4,0.2,0.1,0.6,0.0,0.7,6.3
E06000030,Swindon," 94,559 "," 108,778 "," 1,700 "," 5,865 ", 131 ," 6,310 "," 1,448 "," 1,514 "," 13,105 ",40.5,46.6,0.7,2.5,0.1,2.7,0.6,0.6,5.6
E06000031,Peterborough," 70,066 "," 99,802 ", 617 ," 3,813 ", 185 ," 26,239 "," 1,348 ", 999 ," 12,604 ",32.5,46.3,0.3,1.8,0.1,12.2,0.6,0.5,5.8
E06000032,Luton," 39,580 "," 85,297 ", 664 ," 7,438 ", 246 ," 74,191 "," 3,032 "," 1,115 "," 13,697 ",17.6,37.9,0.3,3.3,0.1,32.9,1.3,0.5,6.1
E06000033,Southend-on-Sea," 81,187 "," 76,884 ", 953 ," 2,057 "," 2,057 "," 5,461 ", 203 ," 1,128 "," 10,756 ",44.9,42.6,0.5,1.1,1.1,3.0,0.1,0.6,6.0
E06000034,Thurrock," 61,043 "," 90,940 ", 703 ," 2,376 ", 225 ," 8,586 "," 2,030 ", 901 ," 9,196 ",34.7,51.7,0.4,1.4,0.1,4.9,1.2,0.5,5.2
E06000035,Medway," 120,309 "," 126,097 ", 999 ," 3,172 ", 217 ," 7,636 "," 4,363 "," 1,705 "," 15,273 ",43.0,45.1,0.4,1.1,0.1,2.7,1.6,0.6,5.5
E06000036,Bracknell Forest," 50,300 "," 59,141 "," 1,039 "," 2,942 ", 190 ," 2,216 "," 1,055 ", 743 ," 6,981 ",40.4,47.5,0.8,2.4,0.2,1.8,0.8,0.6,5.6
E06000037,West Berkshire," 66,290 "," 79,217 ", 552 ," 2,083 ", 236 ," 2,107 ", 367 , 705 ," 9,891 ",41.1,49.1,0.3,1.3,0.1,1.3,0.2,0.4,6.1
E06000038,Reading," 63,287 "," 68,988 "," 2,887 "," 8,757 ", 329 ," 15,481 "," 1,194 "," 1,241 "," 12,062 ",36.3,39.6,1.7,5.0,0.2,8.9,0.7,0.7,6.9
E06000039,Slough," 20,726 "," 50,664 ", 776 ," 12,343 ", 85 ," 46,661 "," 17,985 ", 716 ," 8,544 ",13.1,32.0,0.5,7.8,0.1,29.4,11.3,0.5,5.4
E06000040,Windsor and Maidenhead," 47,641 "," 76,514 ", 870 ," 4,706 ", 521 ," 8,607 "," 4,517 ", 694 ," 9,426 ",31.0,49.8,0.6,3.1,0.3,5.6,2.9,0.5,6.1
E06000041,Wokingham," 65,428 "," 79,389 ", 881 ," 8,464 ", 435 ," 8,597 "," 2,992 ", 775 ," 10,544 ",36.9,44.7,0.5,4.8,0.2,4.8,1.7,0.4,5.9
E06000042,Milton Keynes," 108,953 "," 122,935 "," 1,404 "," 12,911 ", 383 ," 20,484 "," 1,959 "," 1,558 "," 16,473 ",38.0,42.8,0.5,4.5,0.1,7.1,0.7,0.5,5.7
E06000043,Brighton and Hove," 152,966 "," 85,629 "," 2,455 "," 2,100 "," 2,455 "," 8,500 ", 378 ," 2,860 "," 19,760 ",55.2,30.9,0.9,0.8,0.9,3.1,0.1,1.0,7.1
E06000044,Portsmouth," 97,887 "," 81,939 "," 1,077 "," 1,596 ", 200 ," 10,174 ", 459 ," 1,259 "," 13,413 ",47.1,39.4,0.5,0.8,0.1,4.9,0.2,0.6,6.4
E06000045,Southampton," 108,000 "," 99,910 "," 1,333 "," 3,265 ", 254 ," 13,893 "," 4,192 "," 1,663 "," 16,412 ",43.4,40.1,0.5,1.3,0.1,5.6,1.7,0.7,6.6
E06000046,Isle of Wight," 61,721 "," 67,005 ", 499 , 257 , 136 , 593 , 39 ," 1,111 "," 9,099 ",43.9,47.7,0.4,0.2,0.1,0.4,0.0,0.8,6.5
E06000047,County Durham," 201,688 "," 285,167 "," 1,290 ", 990 , 286 ," 2,922 ", 839 ," 2,198 "," 26,687 ",38.6,54.6,0.2,0.2,0.1,0.6,0.2,0.4,5.1
E06000049,Cheshire East," 150,257 "," 216,629 "," 1,314 "," 2,046 ", 640 ," 4,140 ", 371 ," 1,558 "," 21,815 ",37.7,54.3,0.3,0.5,0.2,1.0,0.1,0.4,5.5
E06000050,Cheshire West and Chester," 135,025 "," 194,705 "," 1,074 "," 1,551 ", 288 ," 3,506 ", 251 ," 1,238 "," 19,512 ",37.8,54.5,0.3,0.4,0.1,1.0,0.1,0.3,5.5
E06000051,Shropshire," 119,573 "," 179,516 ", 895 , 557 , 182 ," 1,708 ", 760 ," 1,482 "," 18,931 ",37.0,55.5,0.3,0.2,0.1,0.5,0.2,0.5,5.9
E06000052,Cornwall," 264,037 "," 259,145 "," 2,079 ", 547 , 507 ," 1,333 ", 130 ," 4,393 "," 38,134 ",46.3,45.4,0.4,0.1,0.1,0.2,0.0,0.8,6.7
E06000053,Isles of Scilly, 950 , 967 , 3 , 1 , 1 , -   , -   , 7 , 125 ,46.3,47.1,0.1,0.0,0.0,0.0,0.0,0.3,6.1
E06000054,Wiltshire," 210,601 "," 256,160 "," 2,521 "," 2,670 ", 458 ," 3,508 ", 483 ," 3,224 "," 30,709 ",41.3,50.2,0.5,0.5,0.1,0.7,0.1,0.6,6.0
E06000055,Bedford," 63,243 "," 88,178 ", 629 ," 3,045 ", 232 ," 13,059 "," 4,114 "," 2,014 "," 10,711 ",34.1,47.6,0.3,1.6,0.1,7.1,2.2,1.1,5.8
E06000056,Central Bedfordshire," 126,001 "," 140,903 ", 996 ," 3,035 ", 620 ," 3,965 "," 1,399 "," 1,362 "," 15,971 ",42.8,47.9,0.3,1.0,0.2,1.3,0.5,0.5,5.4
E06000057,Northumberland," 128,703 "," 170,668 ", 752 , 446 , 172 ," 1,635 ", 654 ," 1,353 "," 16,181 ",40.1,53.2,0.2,0.1,0.1,0.5,0.2,0.4,5.0
E06000058,"Bournemouth, Christchurch and Poole"," 168,852 "," 187,448 "," 2,022 "," 2,841 "," 1,601 "," 6,645 ", 267 ," 2,944 "," 27,572 ",42.2,46.8,0.5,0.7,0.4,1.7,0.1,0.7,6.9
E06000059,Dorset," 152,267 "," 195,676 "," 1,613 ", 714 , 453 ," 1,562 ", 117 ," 2,361 "," 24,816 ",40.1,51.6,0.4,0.2,0.1,0.4,0.0,0.6,6.5
E06000060,Buckinghamshire," 189,204 "," 260,961 "," 2,914 "," 14,896 "," 1,688 "," 38,740 "," 8,811 "," 2,587 "," 33,275 ",34.2,47.2,0.5,2.7,0.3,7.0,1.6,0.5,6.0
E06000061,North Northamptonshire," 152,998 "," 172,329 "," 1,095 "," 4,540 ", 291 ," 4,373 "," 1,787 "," 1,900 "," 20,212 ",42.6,47.9,0.3,1.3,0.1,1.2,0.5,0.5,5.6
E06000062,West Northamptonshire," 162,751 "," 210,553 "," 1,515 "," 5,431 ", 430 ," 14,694 "," 1,791 "," 2,406 "," 26,154 ",38.2,49.5,0.4,1.3,0.1,3.5,0.4,0.6,6.1
E07000008,Cambridge," 65,160 "," 51,335 "," 1,668 "," 3,301 "," 1,057 "," 7,392 ", 322 ," 1,122 "," 14,315 ",44.7,35.2,1.1,2.3,0.7,5.1,0.2,0.8,9.8
E07000009,East Cambridgeshire," 37,682 "," 42,573 ", 325 , 326 , 123 , 552 , 125 , 497 ," 5,560 ",42.9,48.5,0.4,0.4,0.1,0.6,0.1,0.6,6.3
E07000010,Fenland," 40,897 "," 53,354 ", 239 , 213 , 110 , 682 , 111 , 513 ," 6,340 ",39.9,52.1,0.2,0.2,0.1,0.7,0.1,0.5,6.2
E07000011,Huntingdonshire," 79,126 "," 85,568 ", 670 , 972 , 222 ," 2,583 ", 325 , 900 ," 10,466 ",43.8,47.3,0.4,0.5,0.1,1.4,0.2,0.5,5.8
E07000012,South Cambridgeshire," 70,269 "," 73,469 ", 796 ," 2,433 ", 466 ," 2,744 ", 281 , 818 ," 10,840 ",43.3,45.3,0.5,1.5,0.3,1.7,0.2,0.5,6.7
E07000026,Allerdale," 32,066 "," 57,548 ", 217 , 69 , 36 , 231 , 22 , 298 ," 5,667 ",33.3,59.8,0.2,0.1,0.0,0.2,0.0,0.3,5.9
E07000027,Barrow-in-Furness," 26,781 "," 35,814 ", 165 , 118 , 19 , 322 , 26 , 247 ," 3,911 ",39.7,53.1,0.2,0.2,0.0,0.5,0.0,0.4,5.8
E07000028,Carlisle," 43,058 "," 58,690 ", 340 , 358 , 44 , 874 , 30 , 412 ," 6,216 ",39.1,53.3,0.3,0.3,0.0,0.8,0.0,0.4,5.6
E07000029,Copeland," 19,185 "," 43,645 ", 147 , 48 , 17 , 279 , 13 , 240 ," 3,501 ",28.6,65.1,0.2,0.1,0.0,0.4,0.0,0.4,5.2
E07000030,Eden," 18,815 "," 31,980 ", 146 , 33 , 30 , 203 , 6 , 244 ," 3,279 ",34.4,58.4,0.3,0.1,0.1,0.4,0.0,0.4,6.0
E07000031,South Lakeland," 39,102 "," 57,310 ", 549 , 77 , 91 , 274 , 11 , 463 ," 6,575 ",37.4,54.9,0.5,0.1,0.1,0.3,0.0,0.4,6.3
E07000032,Amber Valley," 59,722 "," 57,333 ", 280 , 223 , 60 , 350 , 254 , 717 ," 7,264 ",47.3,45.4,0.2,0.2,0.0,0.3,0.2,0.6,5.8
E07000033,Bolsover," 36,067 "," 38,653 ", 150 , 132 , 39 , 252 , 125 , 337 ," 4,517 ",44.9,48.2,0.2,0.2,0.0,0.3,0.2,0.4,5.6
E07000034,Chesterfield," 46,066 "," 49,420 ", 265 , 357 , 35 , 980 , 173 , 499 ," 5,775 ",44.5,47.7,0.3,0.3,0.0,0.9,0.2,0.5,5.6
E07000035,Derbyshire Dales," 26,688 "," 39,728 ", 207 , 67 , 54 , 259 , 51 , 328 ," 4,156 ",37.3,55.5,0.3,0.1,0.1,0.4,0.1,0.5,5.8
E07000036,Erewash," 56,350 "," 48,084 ", 261 , 518 , 40 , 500 , 351 , 600 ," 6,201 ",49.9,42.6,0.2,0.5,0.0,0.4,0.3,0.5,5.5
E07000037,High Peak," 40,381 "," 44,125 ", 332 , 86 , 55 , 239 , 18 , 489 ," 5,210 ",44.4,48.5,0.4,0.1,0.1,0.3,0.0,0.5,5.7
E07000038,North East Derbyshire," 43,173 "," 51,954 ", 199 , 123 , 62 , 302 , 138 , 399 ," 5,650 ",42.3,50.9,0.2,0.1,0.1,0.3,0.1,0.4,5.5
E07000039,South Derbyshire," 46,148 "," 50,805 ", 245 , 565 , 40 , 775 ," 2,263 ", 493 ," 5,874 ",43.0,47.4,0.2,0.5,0.0,0.7,2.1,0.5,5.5
E07000040,East Devon," 63,176 "," 75,621 ", 499 , 163 , 154 , 515 , 33 , 810 ," 9,857 ",41.9,50.1,0.3,0.1,0.1,0.3,0.0,0.5,6.5
E07000041,Exeter," 63,385 "," 52,221 ", 715 , 698 , 201 ," 2,815 ", 179 , 868 ," 9,627 ",48.5,40.0,0.5,0.5,0.2,2.2,0.1,0.7,7.4
E07000042,Mid Devon," 37,304 "," 39,197 ", 258 , 110 , 63 , 137 , 29 , 506 ," 5,249 ",45.0,47.3,0.3,0.1,0.1,0.2,0.0,0.6,6.3
E07000043,North Devon," 44,490 "," 46,030 ", 326 , 175 , 90 , 431 , 51 , 568 ," 6,450 ",45.1,46.7,0.3,0.2,0.1,0.4,0.1,0.6,6.5
E07000044,South Hams," 39,029 "," 42,008 ", 540 , 92 , 126 , 295 , 22 , 740 ," 5,774 ",44.0,47.4,0.6,0.1,0.1,0.3,0.0,0.8,6.5
E07000045,Teignbridge," 60,421 "," 63,599 ", 541 , 109 , 117 , 390 , 42 , 955 ," 8,629 ",44.8,47.2,0.4,0.1,0.1,0.3,0.0,0.7,6.4
E07000046,Torridge," 29,542 "," 33,184 ", 212 , 34 , 45 , 108 , 19 , 432 ," 4,539 ",43.4,48.7,0.3,0.0,0.1,0.2,0.0,0.6,6.7
E07000047,West Devon," 23,754 "," 28,713 ", 209 , 32 , 63 , 142 , 9 , 457 ," 3,717 ",41.6,50.3,0.4,0.1,0.1,0.2,0.0,0.8,6.5
E07000061,Eastbourne," 43,919 "," 46,674 ", 568 , 513 , 187 ," 2,265 ", 42 , 750 ," 6,768 ",43.2,45.9,0.6,0.5,0.2,2.2,0.0,0.7,6.7
E07000062,Hastings," 46,750 "," 34,425 ", 568 , 468 , 172 ," 1,767 ", 37 , 812 ," 5,996 ",51.4,37.8,0.6,0.5,0.2,1.9,0.0,0.9,6.6
E07000063,Lewes," 48,136 "," 42,623 ", 560 , 317 , 305 , 841 , 63 , 755 ," 6,302 ",48.2,42.7,0.6,0.3,0.3,0.8,0.1,0.8,6.3
E07000064,Rother," 37,859 "," 47,373 ", 327 , 211 , 169 , 517 , 16 , 514 ," 6,123 ",40.7,50.9,0.4,0.2,0.2,0.6,0.0,0.6,6.6
E07000065,Wealden," 67,386 "," 79,239 ", 530 , 381 , 312 , 804 , 52 ," 1,298 "," 10,149 ",42.1,49.5,0.3,0.2,0.2,0.5,0.0,0.8,6.3
E07000066,Basildon," 82,780 "," 87,239 ", 556 ," 2,326 ", 403 ," 3,381 ", 355 , 733 ," 9,798 ",44.1,46.5,0.3,1.2,0.2,1.8,0.2,0.4,5.2
E07000067,Braintree," 69,930 "," 73,056 ", 417 , 591 , 281 ," 1,019 ", 112 , 672 ," 9,190 ",45.0,47.1,0.3,0.4,0.2,0.7,0.1,0.4,5.9
E07000068,Brentwood," 25,655 "," 43,179 ", 302 ," 1,371 ", 330 ," 1,221 ", 395 , 260 ," 4,334 ",33.3,56.0,0.4,1.8,0.4,1.6,0.5,0.3,5.6
E07000069,Castle Point," 38,985 "," 43,545 ", 238 , 435 , 661 , 712 , 78 , 340 ," 4,592 ",43.5,48.6,0.3,0.5,0.7,0.8,0.1,0.4,5.1
E07000070,Chelmsford," 74,741 "," 87,181 ", 878 ," 3,084 ", 387 ," 3,666 ", 284 , 757 ," 10,545 ",41.2,48.0,0.5,1.7,0.2,2.0,0.2,0.4,5.8
E07000071,Colchester," 85,484 "," 85,605 "," 1,321 "," 2,546 ", 325 ," 4,021 ", 233 ," 1,144 "," 12,037 ",44.4,44.4,0.7,1.3,0.2,2.1,0.1,0.6,6.2
E07000072,Epping Forest," 44,976 "," 66,733 ", 512 ," 2,848 "," 4,376 "," 4,699 "," 1,847 ", 868 ," 8,120 ",33.3,49.4,0.4,2.1,3.2,3.5,1.4,0.6,6.0
E07000073,Harlow," 40,506 "," 41,730 ", 370 , 891 , 319 ," 3,737 ", 85 , 608 ," 5,081 ",43.4,44.7,0.4,1.0,0.3,4.0,0.1,0.7,5.4
E07000074,Maldon," 28,754 "," 32,796 ", 197 , 128 , 128 , 298 , 47 , 276 ," 3,586 ",43.4,49.5,0.3,0.2,0.2,0.5,0.1,0.4,5.4
E07000075,Rochford," 38,497 "," 40,777 ", 206 , 367 , 293 , 415 , 44 , 332 ," 4,730 ",44.9,47.6,0.2,0.4,0.3,0.5,0.1,0.4,5.5
E07000076,Tendring," 64,075 "," 73,061 ", 420 , 350 , 224 , 647 , 63 , 696 ," 8,758 ",43.2,49.3,0.3,0.2,0.2,0.4,0.0,0.5,5.9
E07000077,Uttlesford," 37,916 "," 45,850 ", 369 , 419 , 351 , 669 , 100 , 379 ," 5,288 ",41.5,50.2,0.4,0.5,0.4,0.7,0.1,0.4,5.8
E07000078,Cheltenham," 52,733 "," 54,073 ", 559 ," 1,192 ", 198 ," 1,744 ", 181 , 619 ," 7,536 ",44.4,45.5,0.5,1.0,0.2,1.5,0.2,0.5,6.3
E07000079,Cotswold," 33,310 "," 50,597 ", 333 , 237 , 159 , 236 , 65 , 422 ," 5,476 ",36.7,55.7,0.4,0.3,0.2,0.3,0.1,0.5,6.0
E07000080,Forest of Dean," 36,238 "," 43,969 ", 220 , 103 , 59 , 237 , 68 , 520 ," 5,593 ",41.6,50.5,0.3,0.1,0.1,0.3,0.1,0.6,6.4
E07000081,Gloucester," 52,507 "," 63,145 ", 401 ," 1,283 ", 64 ," 6,200 ", 255 , 652 ," 7,908 ",39.7,47.7,0.3,1.0,0.0,4.7,0.2,0.5,6.0
E07000082,Stroud," 53,424 "," 57,483 ", 530 , 278 , 141 , 409 , 79 , 897 ," 7,863 ",44.1,47.5,0.4,0.2,0.1,0.3,0.1,0.7,6.5
E07000083,Tewkesbury," 38,746 "," 48,345 ", 341 , 684 , 70 , 521 , 113 , 399 ," 5,666 ",40.8,51.0,0.4,0.7,0.1,0.5,0.1,0.4,6.0
E07000084,Basingstoke and Deane," 80,443 "," 84,090 "," 1,583 "," 4,099 ", 168 ," 2,802 ", 505 ," 1,139 "," 10,323 ",43.4,45.4,0.9,2.2,0.1,1.5,0.3,0.6,5.6
E07000085,East Hampshire," 51,488 "," 64,194 ", 403 , 361 , 213 , 749 , 83 , 593 ," 7,660 ",40.9,51.1,0.3,0.3,0.2,0.6,0.1,0.5,6.1
E07000086,Eastleigh," 61,379 "," 62,367 ", 514 ," 1,350 ", 114 ," 1,406 "," 1,023 ", 630 ," 7,660 ",45.0,45.7,0.4,1.0,0.1,1.0,0.7,0.5,5.6
E07000087,Fareham," 49,987 "," 56,248 ", 341 , 401 , 66 , 714 , 88 , 491 ," 6,176 ",43.7,49.1,0.3,0.4,0.1,0.6,0.1,0.4,5.4
E07000088,Gosport," 39,662 "," 36,558 ", 272 , 226 , 37 , 454 , 29 , 520 ," 4,194 ",48.4,44.6,0.3,0.3,0.0,0.6,0.0,0.6,5.1
E07000089,Hart," 40,898 "," 49,461 ", 630 ," 1,187 ", 117 , 807 , 325 , 404 ," 5,579 ",41.1,49.8,0.6,1.2,0.1,0.8,0.3,0.4,5.6
E07000090,Havant," 58,869 "," 56,317 ", 357 , 339 , 97 , 657 , 98 , 620 ," 6,854 ",47.4,45.3,0.3,0.3,0.1,0.5,0.1,0.5,5.5
E07000091,New Forest," 71,539 "," 90,768 ", 536 , 284 , 234 , 590 , 87 ," 1,006 "," 10,741 ",40.7,51.6,0.3,0.2,0.1,0.3,0.0,0.6,6.1
E07000092,Rushmoor," 37,854 "," 42,173 "," 4,732 "," 5,708 ", 60 ," 2,462 ", 198 ," 1,245 "," 5,324 ",37.9,42.3,4.7,5.7,0.1,2.5,0.2,1.2,5.3
E07000093,Test Valley," 53,030 "," 65,873 ", 619 ," 1,015 ", 114 ," 1,180 ", 581 , 597 ," 7,483 ",40.6,50.5,0.5,0.8,0.1,0.9,0.4,0.5,5.7
E07000094,Winchester," 53,752 "," 61,948 ", 789 , 948 , 219 , 904 , 188 , 673 ," 8,023 ",42.2,48.6,0.6,0.7,0.2,0.7,0.1,0.5,6.3
E07000095,Broxbourne," 32,714 "," 52,492 ", 479 ," 1,150 ", 365 ," 4,249 ", 156 ," 1,601 "," 5,803 ",33.0,53.0,0.5,1.2,0.4,4.3,0.2,1.6,5.9
E07000096,Dacorum," 63,681 "," 71,955 ", 726 ," 2,547 ", 896 ," 4,869 ", 311 , 747 ," 9,350 ",41.1,46.4,0.5,1.6,0.6,3.1,0.2,0.5,6.0
E07000098,Hertsmere," 26,092 "," 45,022 ", 623 ," 5,337 "," 18,346 "," 4,062 ", 245 ," 1,117 "," 6,982 ",24.2,41.8,0.6,4.9,17.0,3.8,0.2,1.0,6.5
E07000099,North Hertfordshire," 59,315 "," 58,320 ", 658 ," 1,455 ", 369 ," 2,064 "," 2,280 ", 733 ," 8,016 ",44.5,43.8,0.5,1.1,0.3,1.5,1.7,0.6,6.0
E07000102,Three Rivers," 28,922 "," 44,655 ", 486 ," 7,791 "," 1,463 "," 3,458 ", 844 , 870 ," 5,282 ",30.8,47.6,0.5,8.3,1.6,3.7,0.9,0.9,5.6
E07000103,Watford," 25,340 "," 45,447 "," 1,021 "," 8,398 ", 944 ," 13,262 ", 664 , 859 ," 6,311 ",24.8,44.4,1.0,8.2,0.9,13.0,0.6,0.8,6.2
E07000105,Ashford," 54,002 "," 63,197 "," 1,341 "," 2,717 ", 142 ," 2,110 ", 147 ," 1,533 "," 7,558 ",40.7,47.6,1.0,2.0,0.1,1.6,0.1,1.2,5.7
E07000106,Canterbury," 66,087 "," 73,413 ", 961 ," 1,297 ", 310 ," 2,875 ", 279 ," 1,145 "," 11,062 ",42.0,46.6,0.6,0.8,0.2,1.8,0.2,0.7,7.0
E07000107,Dartford," 42,581 "," 56,172 ", 691 ," 4,433 ", 91 ," 4,100 "," 2,014 ", 465 ," 6,205 ",36.5,48.1,0.6,3.8,0.1,3.5,1.7,0.4,5.3
E07000108,Dover," 49,302 "," 57,768 ", 591 , 723 , 113 , 734 , 73 , 649 ," 6,457 ",42.4,49.6,0.5,0.6,0.1,0.6,0.1,0.6,5.5
E07000109,Gravesham," 34,353 "," 52,565 ", 347 ," 1,491 ", 76 ," 3,326 "," 8,560 ", 664 ," 5,517 ",32.1,49.2,0.3,1.4,0.1,3.1,8.0,0.6,5.2
E07000110,Maidstone," 70,501 "," 86,589 "," 1,341 "," 2,477 ", 164 ," 3,332 ", 270 ," 1,123 "," 9,984 ",40.1,49.3,0.8,1.4,0.1,1.9,0.2,0.6,5.7
E07000111,Sevenoaks," 47,639 "," 62,479 ", 464 , 805 , 234 ," 1,088 ", 288 , 416 ," 7,102 ",39.5,51.8,0.4,0.7,0.2,0.9,0.2,0.3,5.9
E07000112,Folkestone and Hythe," 45,890 "," 52,653 "," 1,074 "," 1,625 ", 146 ," 1,107 ", 46 , 973 ," 6,242 ",41.8,48.0,1.0,1.5,0.1,1.0,0.0,0.9,5.7
E07000113,Swale," 68,784 "," 71,562 ", 406 , 587 , 118 ," 1,529 ", 208 , 672 ," 7,811 ",45.3,47.2,0.3,0.4,0.1,1.0,0.1,0.4,5.1
E07000114,Thanet," 62,054 "," 65,654 ", 598 , 803 , 268 ," 2,129 ", 103 , 866 ," 8,115 ",44.1,46.7,0.4,0.6,0.2,1.5,0.1,0.6,5.8
E07000115,Tonbridge and Malling," 56,516 "," 64,406 ", 451 ," 1,167 ", 163 ," 1,381 ", 240 , 508 ," 7,369 ",42.8,48.7,0.3,0.9,0.1,1.0,0.2,0.4,5.6
E07000116,Tunbridge Wells," 46,480 "," 57,258 ", 484 ," 1,115 ", 224 ," 1,904 ", 81 , 558 ," 7,207 ",40.3,49.7,0.4,1.0,0.2,1.7,0.1,0.5,6.3
E07000117,Burnley," 29,822 "," 45,608 ", 227 , 174 , 33 ," 13,255 ", 53 , 355 ," 5,119 ",31.5,48.2,0.2,0.2,0.0,14.0,0.1,0.4,5.4
E07000118,Chorley," 36,383 "," 72,438 ", 286 , 335 , 59 ," 1,648 ", 59 , 534 ," 5,990 ",30.9,61.5,0.2,0.3,0.1,1.4,0.1,0.5,5.1
E07000119,Fylde," 25,389 "," 50,138 ", 275 , 234 , 288 , 576 , 64 , 327 ," 4,082 ",31.2,61.6,0.3,0.3,0.4,0.7,0.1,0.4,5.0
E07000120,Hyndburn," 23,360 "," 41,949 ", 152 , 84 , 28 ," 12,049 ", 30 , 342 ," 4,242 ",28.4,51.0,0.2,0.1,0.0,14.7,0.0,0.4,5.2
E07000121,Lancaster," 54,433 "," 74,108 ", 604 , 604 , 144 ," 2,663 ", 147 , 809 ," 9,422 ",38.1,51.8,0.4,0.4,0.1,1.9,0.1,0.6,6.6
E07000122,Pendle," 27,526 "," 37,526 ", 223 , 70 , 32 ," 24,900 ", 35 , 357 ," 5,090 ",28.7,39.2,0.2,0.1,0.0,26.0,0.0,0.4,5.3
E07000123,Preston," 38,931 "," 70,424 ", 435 ," 4,398 ", 76 ," 23,825 "," 1,091 ", 610 ," 8,045 ",26.3,47.6,0.3,3.0,0.1,16.1,0.7,0.4,5.4
E07000124,Ribble Valley," 16,144 "," 40,855 ", 132 , 178 , 22 , 796 , 24 , 162 ," 3,248 ",26.2,66.4,0.2,0.3,0.0,1.3,0.0,0.3,5.3
E07000125,Rossendale," 28,412 "," 34,611 ", 184 , 103 , 64 ," 3,476 ", 32 , 333 ," 3,655 ",40.1,48.8,0.3,0.1,0.1,4.9,0.0,0.5,5.2
E07000126,South Ribble," 34,239 "," 68,622 ", 232 , 776 , 58 ," 1,027 ", 117 , 379 ," 5,585 ",30.8,61.8,0.2,0.7,0.1,0.9,0.1,0.3,5.0
E07000127,West Lancashire," 37,018 "," 72,269 ", 262 , 241 , 70 , 507 , 94 , 357 ," 6,609 ",31.5,61.5,0.2,0.2,0.1,0.4,0.1,0.3,5.6
E07000128,Wyre," 37,720 "," 66,973 ", 294 , 183 , 85 , 452 , 26 , 477 ," 5,732 ",33.7,59.8,0.3,0.2,0.1,0.4,0.0,0.4,5.1
E07000129,Blaby," 43,851 "," 44,684 ", 263 ," 3,825 ", 57 ," 1,421 "," 2,927 ", 410 ," 5,488 ",42.6,43.4,0.3,3.7,0.1,1.4,2.8,0.4,5.3
E07000130,Charnwood," 74,902 "," 76,327 ", 643 ," 12,278 ", 149 ," 5,703 "," 2,042 ", 953 ," 10,971 ",40.7,41.5,0.3,6.7,0.1,3.1,1.1,0.5,6.0
E07000131,Harborough," 37,480 "," 49,046 ", 256 ," 2,477 ", 118 ," 1,120 "," 1,467 ", 379 ," 5,281 ",38.4,50.2,0.3,2.5,0.1,1.1,1.5,0.4,5.4
E07000132,Hinckley and Bosworth," 47,368 "," 56,637 ", 265 ," 1,251 ", 39 , 796 , 740 , 556 ," 5,987 ",41.7,49.8,0.2,1.1,0.0,0.7,0.7,0.5,5.3
E07000133,Melton," 20,365 "," 27,771 ", 148 , 200 , 28 , 130 , 70 , 181 ," 2,861 ",39.3,53.7,0.3,0.4,0.1,0.3,0.1,0.3,5.5
E07000134,North West Leicestershire," 45,987 "," 51,429 ", 221 , 478 , 45 , 419 , 304 , 461 ," 5,362 ",43.9,49.1,0.2,0.5,0.0,0.4,0.3,0.4,5.1
E07000135,Oadby and Wigston," 17,441 "," 19,996 ", 185 ," 5,747 ", 95 ," 6,480 "," 4,342 ", 333 ," 3,128 ",30.2,34.6,0.3,10.0,0.2,11.2,7.5,0.6,5.4
E07000136,Boston," 22,034 "," 42,171 ", 164 , 237 , 41 , 967 , 32 , 283 ," 4,573 ",31.3,59.8,0.2,0.3,0.1,1.4,0.0,0.4,6.5
E07000137,East Lindsey," 55,197 "," 76,661 ", 324 , 195 , 84 , 457 , 89 , 690 ," 8,602 ",38.8,53.9,0.2,0.1,0.1,0.3,0.1,0.5,6.0
E07000138,Lincoln," 48,940 "," 43,898 ", 355 , 456 , 70 ," 1,896 ", 103 , 793 ," 7,302 ",47.1,42.3,0.3,0.4,0.1,1.8,0.1,0.8,7.0
E07000139,North Kesteven," 46,641 "," 63,147 ", 215 , 244 , 67 , 529 , 91 , 546 ," 6,594 ",39.5,53.5,0.2,0.2,0.1,0.4,0.1,0.5,5.6
E07000140,South Holland," 31,438 "," 56,024 ", 171 , 219 , 62 , 448 , 117 , 416 ," 6,228 ",33.0,58.9,0.2,0.2,0.1,0.5,0.1,0.4,6.5
E07000141,South Kesteven," 53,837 "," 78,626 ", 374 , 853 , 126 , 731 , 119 , 574 ," 8,165 ",37.5,54.8,0.3,0.6,0.1,0.5,0.1,0.4,5.7
E07000142,West Lindsey," 36,111 "," 52,061 ", 221 , 290 , 45 , 383 , 130 , 481 ," 5,430 ",38.0,54.7,0.2,0.3,0.0,0.4,0.1,0.5,5.7
E07000143,Breckland," 59,622 "," 70,710 ", 400 , 209 , 145 , 650 , 62 , 801 ," 8,877 ",42.1,50.0,0.3,0.1,0.1,0.5,0.0,0.6,6.3
E07000144,Broadland," 58,584 "," 62,767 ", 391 , 372 , 157 , 648 , 89 , 574 ," 8,139 ",44.5,47.7,0.3,0.3,0.1,0.5,0.1,0.4,6.2
E07000145,Great Yarmouth," 45,084 "," 46,564 ", 267 , 351 , 63 , 723 , 37 , 537 ," 6,120 ",45.2,46.7,0.3,0.4,0.1,0.7,0.0,0.5,6.1
E07000146,King's Lynn and West Norfolk," 60,898 "," 80,869 ", 476 , 428 , 157 , 804 , 119 , 795 ," 9,782 ",39.5,52.4,0.3,0.3,0.1,0.5,0.1,0.5,6.3
E07000147,North Norfolk," 40,804 "," 53,825 ", 373 , 75 , 130 , 173 , 17 , 641 ," 6,941 ",39.6,52.3,0.4,0.1,0.1,0.2,0.0,0.6,6.7
E07000148,Norwich," 76,973 "," 48,399 ", 983 ," 1,719 ", 331 ," 4,289 ", 185 ," 1,283 "," 9,760 ",53.5,33.6,0.7,1.2,0.2,3.0,0.1,0.9,6.8
E07000149,South Norfolk," 62,982 "," 67,308 ", 524 , 542 , 197 , 859 , 57 , 664 ," 8,817 ",44.4,47.4,0.4,0.4,0.1,0.6,0.0,0.5,6.2
E07000163,Craven," 21,902 "," 30,643 ", 129 , 98 , 48 , 622 , 32 , 256 ," 3,200 ",38.5,53.8,0.2,0.2,0.1,1.1,0.1,0.4,5.6
E07000164,Hambleton," 30,917 "," 53,848 ", 200 , 91 , 55 , 243 , 30 , 325 ," 4,978 ",34.1,59.4,0.2,0.1,0.1,0.3,0.0,0.4,5.5
E07000165,Harrogate," 58,941 "," 90,356 ", 561 , 455 , 359 , 901 , 122 , 669 ," 10,301 ",36.2,55.5,0.3,0.3,0.2,0.6,0.1,0.4,6.3
E07000166,Richmondshire," 17,803 "," 27,736 ", 480 , 733 , 20 , 116 , 21 , 358 ," 2,509 ",35.8,55.7,1.0,1.5,0.0,0.2,0.0,0.7,5.0
E07000167,Ryedale," 18,710 "," 32,101 ", 123 , 29 , 29 , 164 , 9 , 234 ," 3,307 ",34.2,58.7,0.2,0.1,0.1,0.3,0.0,0.4,6.0
E07000168,Scarborough," 42,889 "," 57,393 ", 357 , 152 , 56 , 713 , 10 , 554 ," 6,614 ",39.4,52.8,0.3,0.1,0.1,0.7,0.0,0.5,6.1
E07000169,Selby," 35,718 "," 50,361 ", 183 , 119 , 64 , 225 , 102 , 367 ," 4,849 ",38.8,54.7,0.2,0.1,0.1,0.2,0.1,0.4,5.3
E07000170,Ashfield," 63,479 "," 53,095 ", 250 , 418 , 40 , 762 , 294 , 596 ," 7,367 ",50.3,42.0,0.2,0.3,0.0,0.6,0.2,0.5,5.8
E07000171,Bassetlaw," 44,234 "," 65,122 ", 253 , 271 , 45 , 734 , 182 , 472 ," 6,491 ",37.5,55.3,0.2,0.2,0.0,0.6,0.2,0.4,5.5
E07000172,Broxtowe," 51,966 "," 46,644 ", 475 ," 1,215 ", 122 ," 2,545 "," 1,037 ", 540 ," 6,396 ",46.8,42.0,0.4,1.1,0.1,2.3,0.9,0.5,5.8
E07000173,Gedling," 55,880 "," 49,698 ", 364 , 774 , 98 ," 2,478 ", 952 , 550 ," 6,471 ",47.7,42.4,0.3,0.7,0.1,2.1,0.8,0.5,5.5
E07000174,Mansfield," 50,400 "," 51,385 ", 305 , 376 , 37 ," 1,240 ", 239 , 489 ," 6,012 ",45.6,46.5,0.3,0.3,0.0,1.1,0.2,0.4,5.4
E07000175,Newark and Sherwood," 50,655 "," 63,222 ", 289 , 229 , 90 , 749 , 166 , 514 ," 7,042 ",41.2,51.4,0.2,0.2,0.1,0.6,0.1,0.4,5.7
E07000176,Rushcliffe," 52,917 "," 52,467 ", 402 ," 1,856 ", 280 ," 2,677 "," 1,167 ", 587 ," 6,724 ",44.4,44.1,0.3,1.6,0.2,2.2,1.0,0.5,5.6
E07000177,Cherwell," 61,286 "," 80,987 ", 900 ," 1,243 ", 200 ," 5,206 ", 622 , 821 ," 9,753 ",38.1,50.3,0.6,0.8,0.1,3.2,0.4,0.5,6.1
E07000178,Oxford," 63,201 "," 61,750 "," 1,195 "," 2,523 "," 1,120 "," 14,093 ", 599 ," 1,447 "," 16,110 ",39.0,38.1,0.7,1.6,0.7,8.7,0.4,0.9,9.9
E07000179,South Oxfordshire," 61,344 "," 74,332 ", 618 ," 1,095 ", 342 ," 1,441 ", 252 , 671 ," 8,990 ",41.1,49.9,0.4,0.7,0.2,1.0,0.2,0.5,6.0
E07000180,Vale of White Horse," 57,894 "," 67,443 ", 755 ," 1,193 ", 268 ," 1,982 ", 250 , 686 ," 8,442 ",41.7,48.6,0.5,0.9,0.2,1.4,0.2,0.5,6.1
E07000181,West Oxfordshire," 46,393 "," 58,801 ", 433 , 278 , 187 , 757 , 62 , 604 ," 6,721 ",40.6,51.5,0.4,0.2,0.2,0.7,0.1,0.5,5.9
E07000187,Mendip," 50,786 "," 54,485 ", 601 , 173 , 151 , 338 , 28 ," 1,409 "," 8,119 ",43.7,46.9,0.5,0.1,0.1,0.3,0.0,1.2,7.0
E07000188,Sedgemoor," 52,497 "," 63,092 ", 310 , 155 , 65 , 598 , 62 , 694 ," 7,870 ",41.9,50.3,0.2,0.1,0.1,0.5,0.0,0.6,6.3
E07000189,South Somerset," 67,942 "," 90,973 ", 503 , 344 , 118 , 744 , 33 , 968 ," 11,045 ",39.3,52.7,0.3,0.2,0.1,0.4,0.0,0.6,6.4
E07000192,Cannock Chase," 41,294 "," 52,707 ", 222 , 162 , 29 , 346 , 379 , 445 ," 4,935 ",41.1,52.4,0.2,0.2,0.0,0.3,0.4,0.4,4.9
E07000193,East Staffordshire," 42,020 "," 62,560 ", 332 , 361 , 38 ," 10,778 ", 403 , 542 ," 6,986 ",33.9,50.4,0.3,0.3,0.0,8.7,0.3,0.4,5.6
E07000194,Lichfield," 40,563 "," 57,683 ", 245 , 460 , 61 , 722 , 923 , 443 ," 5,336 ",38.1,54.2,0.2,0.4,0.1,0.7,0.9,0.4,5.0
E07000195,Newcastle-under-Lyme," 48,009 "," 63,931 ", 474 , 698 , 66 ," 2,223 ", 252 , 533 ," 7,116 ",38.9,51.8,0.4,0.6,0.1,1.8,0.2,0.4,5.8
E07000196,South Staffordshire," 35,933 "," 65,385 ", 273 , 441 , 41 , 863 ," 1,716 ", 462 ," 5,358 ",32.5,59.2,0.2,0.4,0.0,0.8,1.6,0.4,4.9
E07000197,Stafford," 50,479 "," 74,360 ", 570 ," 1,263 ", 61 ," 1,488 ", 605 , 683 ," 7,359 ",36.9,54.3,0.4,0.9,0.0,1.1,0.4,0.5,5.4
E07000198,Staffordshire Moorlands," 32,466 "," 56,835 ", 182 , 116 , 35 , 263 , 62 , 395 ," 5,491 ",33.9,59.3,0.2,0.1,0.0,0.3,0.1,0.4,5.7
E07000199,Tamworth," 34,850 "," 38,593 ", 194 , 217 , 15 , 354 , 221 , 310 ," 3,894 ",44.3,49.1,0.2,0.3,0.0,0.5,0.3,0.4,5.0
E07000200,Babergh," 39,638 "," 45,765 ", 242 , 156 , 127 , 433 , 26 , 401 ," 5,553 ",42.9,49.6,0.3,0.2,0.1,0.5,0.0,0.4,6.0
E07000202,Ipswich," 63,256 "," 58,898 ", 596 ," 1,342 ", 101 ," 5,433 ", 456 , 838 ," 8,722 ",45.3,42.2,0.4,1.0,0.1,3.9,0.3,0.6,6.2
E07000203,Mid Suffolk," 44,715 "," 50,674 ", 327 , 165 , 86 , 254 , 27 , 428 ," 6,023 ",43.5,49.3,0.3,0.2,0.1,0.2,0.0,0.4,5.9
E07000207,Elmbridge," 49,121 "," 72,133 ", 750 ," 2,218 ", 750 ," 3,531 ", 742 , 609 ," 8,899 ",35.4,52.0,0.5,1.6,0.5,2.5,0.5,0.4,6.4
E07000208,Epsom and Ewell," 28,903 "," 38,957 ", 549 ," 2,891 ", 206 ," 3,926 ", 224 , 334 ," 4,948 ",35.7,48.1,0.7,3.6,0.3,4.9,0.3,0.4,6.1
E07000209,Guildford," 56,969 "," 69,233 ", 991 ," 1,972 ", 382 ," 3,105 ", 316 , 677 ," 10,004 ",39.7,48.2,0.7,1.4,0.3,2.2,0.2,0.5,7.0
E07000210,Mole Valley," 33,563 "," 45,616 ", 345 , 646 , 218 ," 1,046 ", 118 , 360 ," 5,475 ",38.4,52.2,0.4,0.7,0.2,1.2,0.1,0.4,6.3
E07000211,Reigate and Banstead," 57,451 "," 73,992 ", 698 ," 3,640 ", 364 ," 4,642 ", 315 , 636 ," 9,108 ",38.1,49.1,0.5,2.4,0.2,3.1,0.2,0.4,6.0
E07000212,Runnymede," 30,654 "," 44,415 ", 458 ," 2,029 ", 223 ," 2,519 "," 1,269 ", 450 ," 6,062 ",34.8,50.4,0.5,2.3,0.3,2.9,1.4,0.5,6.9
E07000213,Spelthorne," 32,112 "," 52,432 ", 703 ," 4,372 ", 174 ," 4,146 "," 2,612 ", 520 ," 5,884 ",31.2,50.9,0.7,4.2,0.2,4.0,2.5,0.5,5.7
E07000214,Surrey Heath," 32,546 "," 45,265 ", 951 ," 2,021 ", 142 ," 2,829 "," 1,054 ", 496 ," 5,153 ",36.0,50.0,1.1,2.2,0.2,3.1,1.2,0.5,5.7
E07000215,Tandridge," 34,192 "," 44,956 ", 340 ," 1,012 ", 152 ," 1,159 ", 90 , 341 ," 5,630 ",38.9,51.2,0.4,1.2,0.2,1.3,0.1,0.4,6.4
E07000216,Waverley," 49,987 "," 66,605 ", 564 , 453 , 265 ," 1,505 ", 117 , 603 ," 8,130 ",39.0,51.9,0.4,0.4,0.2,1.2,0.1,0.5,6.3
E07000217,Woking," 34,574 "," 49,465 ", 642 ," 2,488 ", 223 ," 9,730 ", 285 , 502 ," 6,034 ",33.3,47.6,0.6,2.4,0.2,9.4,0.3,0.5,5.8
E07000218,North Warwickshire," 24,802 "," 35,778 ", 139 , 190 , 26 , 259 , 306 , 270 ," 3,269 ",38.1,55.0,0.2,0.3,0.0,0.4,0.5,0.4,5.0
E07000219,Nuneaton and Bedworth," 50,778 "," 65,042 ", 726 ," 2,185 ", 39 ," 3,979 "," 3,529 ", 850 ," 7,068 ",37.8,48.5,0.5,1.6,0.0,3.0,2.6,0.6,5.3
E07000220,Rugby," 41,331 "," 57,728 ", 440 ," 3,758 ", 69 ," 2,109 "," 1,552 ", 598 ," 6,778 ",36.1,50.5,0.4,3.3,0.1,1.8,1.4,0.5,5.9
E07000221,Stratford-on-Avon," 48,339 "," 75,936 ", 397 , 617 , 178 , 646 , 573 , 569 ," 7,469 ",35.9,56.4,0.3,0.5,0.1,0.5,0.4,0.4,5.5
E07000222,Warwick," 59,337 "," 66,224 ", 594 ," 3,743 ", 278 ," 2,243 "," 6,299 ", 774 ," 8,961 ",40.0,44.6,0.4,2.5,0.2,1.5,4.2,0.5,6.0
E07000223,Adur," 30,890 "," 27,836 ", 274 , 209 , 249 , 840 , 31 , 392 ," 3,820 ",47.9,43.1,0.4,0.3,0.4,1.3,0.0,0.6,5.9
E07000224,Arun," 65,762 "," 85,922 ", 502 , 391 , 262 ," 1,157 ", 79 , 861 ," 9,953 ",39.9,52.1,0.3,0.2,0.2,0.7,0.0,0.5,6.0
E07000225,Chichester," 47,977 "," 65,910 ", 611 , 312 , 226 , 685 , 43 , 664 ," 7,640 ",38.7,53.1,0.5,0.3,0.2,0.6,0.0,0.5,6.2
E07000226,Crawley," 41,555 "," 50,497 ", 529 ," 6,090 ", 96 ," 11,521 ", 851 , 634 ," 6,720 ",35.1,42.6,0.4,5.1,0.1,9.7,0.7,0.5,5.7
E07000227,Horsham," 61,763 "," 72,325 ", 581 , 814 , 272 ," 1,270 ", 105 , 658 ," 8,990 ",42.1,49.3,0.4,0.6,0.2,0.9,0.1,0.4,6.1
E07000228,Mid Sussex," 64,207 "," 73,108 ", 577 ," 1,573 ", 328 ," 1,841 ", 148 ," 1,121 "," 9,666 ",42.1,47.9,0.4,1.0,0.2,1.2,0.1,0.7,6.3
E07000229,Worthing," 50,895 "," 48,897 ", 704 , 739 , 274 ," 1,912 ", 124 , 778 ," 7,013 ",45.7,43.9,0.6,0.7,0.2,1.7,0.1,0.7,6.3
E07000234,Bromsgrove," 37,139 "," 53,075 ", 284 , 670 , 94 , 859 ," 1,152 ", 392 ," 5,518 ",37.4,53.5,0.3,0.7,0.1,0.9,1.2,0.4,5.6
E07000235,Malvern Hills," 30,310 "," 42,846 ", 288 , 143 , 65 , 386 , 86 , 407 ," 4,955 ",38.1,53.9,0.4,0.2,0.1,0.5,0.1,0.5,6.2
E07000236,Redditch," 34,837 "," 42,549 ", 184 , 307 , 52 ," 3,628 ", 309 , 384 ," 4,786 ",40.0,48.9,0.2,0.4,0.1,4.2,0.4,0.4,5.5
E07000237,Worcester," 41,084 "," 50,755 ", 367 , 433 , 51 ," 4,227 ", 168 , 451 ," 6,335 ",39.6,48.9,0.4,0.4,0.0,4.1,0.2,0.4,6.1
E07000238,Wychavon," 46,361 "," 76,487 ", 334 , 203 , 112 , 724 , 339 , 553 ," 7,378 ",35.0,57.7,0.3,0.2,0.1,0.5,0.3,0.4,5.6
E07000239,Wyre Forest," 39,256 "," 54,180 ", 234 , 126 , 42 ," 1,056 ", 256 , 472 ," 5,985 ",38.6,53.3,0.2,0.1,0.0,1.0,0.3,0.5,5.9
E07000240,St Albans," 55,020 "," 70,246 ", 735 ," 2,740 "," 2,237 "," 6,915 ", 535 , 709 ," 9,029 ",37.1,47.4,0.5,1.8,1.5,4.7,0.4,0.5,6.1
E07000241,Welwyn Hatfield," 44,307 "," 56,536 ", 890 ," 3,807 "," 1,093 "," 3,923 ", 450 , 819 ," 8,011 ",37.0,47.2,0.7,3.2,0.9,3.3,0.4,0.7,6.7
E07000242,East Hertfordshire," 62,816 "," 73,732 ", 546 , 921 , 560 ," 1,756 ", 224 , 652 ," 8,951 ",41.8,49.1,0.4,0.6,0.4,1.2,0.1,0.4,6.0
E07000243,Stevenage," 40,158 "," 38,712 ", 398 ," 1,397 ", 163 ," 2,822 ", 307 , 523 ," 5,015 ",44.9,43.3,0.4,1.6,0.2,3.2,0.3,0.6,5.6
E07000244,East Suffolk," 110,438 "," 115,943 ", 814 , 692 , 266 ," 1,293 ", 151 ," 1,385 "," 15,076 ",44.9,47.1,0.3,0.3,0.1,0.5,0.1,0.6,6.1
E07000245,West Suffolk," 76,597 "," 87,174 ", 810 , 669 , 198 ," 1,866 ", 110 , 967 ," 11,554 ",42.6,48.4,0.5,0.4,0.1,1.0,0.1,0.5,6.4
E07000246,Somerset West and Taunton," 66,037 "," 78,122 ", 516 , 432 , 117 , 918 , 67 , 891 ," 10,345 ",41.9,49.6,0.3,0.3,0.1,0.6,0.0,0.6,6.6
E08000001,Bolton," 76,244 "," 139,144 ", 576 ," 5,887 ", 159 ," 58,997 ", 219 , 979 ," 13,758 ",25.8,47.0,0.2,2.0,0.1,19.9,0.1,0.3,4.6
E08000002,Bury," 57,008 "," 94,669 ", 508 , 874 ," 10,734 "," 19,243 ", 575 , 649 ," 9,591 ",29.4,48.8,0.3,0.5,5.5,9.9,0.3,0.3,4.9
E08000003,Manchester," 179,037 "," 199,873 "," 3,219 "," 6,048 "," 2,632 "," 122,962 "," 2,718 "," 2,736 "," 32,713 ",32.4,36.2,0.6,1.1,0.5,22.3,0.5,0.5,5.9
E08000004,Oldham," 60,507 "," 108,720 ", 468 ," 1,222 ", 146 ," 59,031 ", 132 , 589 ," 11,273 ",25.0,44.9,0.2,0.5,0.1,24.4,0.1,0.2,4.7
E08000005,Rochdale," 64,349 "," 104,841 ", 398 , 613 , 218 ," 42,121 ", 191 , 675 ," 10,366 ",28.8,46.9,0.2,0.3,0.1,18.8,0.1,0.3,4.6
E08000006,Salford," 96,140 "," 128,785 "," 1,022 "," 2,113 "," 10,373 "," 13,542 ", 728 ," 1,068 "," 16,152 ",35.6,47.7,0.4,0.8,3.8,5.0,0.3,0.4,6.0
E08000007,Stockport," 116,749 "," 139,951 ", 964 ," 2,388 "," 1,234 "," 16,332 ", 503 ," 1,207 "," 15,445 ",39.6,47.5,0.3,0.8,0.4,5.5,0.2,0.4,5.2
E08000008,Tameside," 87,910 "," 110,539 ", 588 ," 3,096 ", 87 ," 16,945 ", 181 , 879 ," 10,846 ",38.0,47.8,0.3,1.3,0.0,7.3,0.1,0.4,4.7
E08000009,Trafford," 77,864 "," 113,712 ", 955 ," 4,656 "," 2,408 "," 20,549 "," 1,984 ", 920 ," 12,007 ",33.1,48.4,0.4,2.0,1.0,8.7,0.8,0.4,5.1
E08000010,Wigan," 99,784 "," 206,870 ", 831 , 995 , 84 ," 4,155 ", 122 ," 1,099 "," 15,390 ",30.3,62.8,0.3,0.3,0.0,1.3,0.0,0.3,4.7
E08000011,Knowsley," 42,001 "," 102,929 ", 260 , 456 , 86 , 968 , 65 , 285 ," 7,469 ",27.2,66.6,0.2,0.3,0.1,0.6,0.0,0.2,4.8
E08000012,Liverpool," 142,994 "," 278,330 "," 2,128 "," 3,802 "," 1,807 "," 25,756 ", 641 ," 1,991 "," 28,639 ",29.4,57.3,0.4,0.8,0.4,5.3,0.1,0.4,5.9
E08000013,St. Helens," 57,184 "," 114,200 ", 501 , 597 , 63 ," 1,340 ", 54 , 652 ," 8,655 ",31.2,62.3,0.3,0.3,0.0,0.7,0.0,0.4,4.7
E08000014,Sefton," 79,905 "," 179,806 ", 681 ," 1,095 ", 364 ," 2,257 ", 133 , 980 ," 14,012 ",28.6,64.4,0.2,0.4,0.1,0.8,0.0,0.4,5.0
E08000015,Wirral," 119,447 "," 176,159 "," 1,015 "," 1,406 ", 256 ," 3,257 ", 311 ," 1,258 "," 17,092 ",37.3,55.0,0.3,0.4,0.1,1.0,0.1,0.4,5.3
E08000016,Barnsley," 102,906 "," 125,502 ", 435 , 416 , 62 ," 1,404 ", 256 , 862 ," 12,728 ",42.1,51.3,0.2,0.2,0.0,0.6,0.1,0.4,5.2
E08000017,Doncaster," 122,645 "," 156,747 ", 821 ," 1,294 ", 116 ," 6,898 "," 1,391 "," 1,724 "," 16,470 ",39.8,50.9,0.3,0.4,0.0,2.2,0.5,0.6,5.3
E08000018,Rotherham," 105,821 "," 130,147 ", 542 , 666 , 81 ," 13,465 ", 461 , 932 ," 13,692 ",39.8,49.0,0.2,0.3,0.0,5.1,0.2,0.4,5.2
E08000019,Sheffield," 241,556 "," 214,136 "," 2,215 "," 3,759 ", 649 ," 57,044 ", 927 ," 2,635 "," 33,600 ",43.4,38.5,0.4,0.7,0.1,10.3,0.2,0.5,6.0
E08000021,Newcastle upon Tyne," 122,485 "," 124,009 "," 1,352 "," 4,212 ", 573 ," 26,896 "," 1,449 "," 1,281 "," 17,869 ",40.8,41.3,0.5,1.4,0.2,9.0,0.5,0.4,6.0
E08000022,North Tyneside," 96,413 "," 97,333 ", 587 , 823 , 128 ," 2,517 ", 437 , 774 ," 9,954 ",46.1,46.6,0.3,0.4,0.1,1.2,0.2,0.4,4.8
E08000023,South Tyneside," 58,045 "," 77,783 ", 264 , 259 , 36 ," 3,736 ", 461 , 520 ," 6,672 ",39.3,52.6,0.2,0.2,0.0,2.5,0.3,0.4,4.5
E08000024,Sunderland," 108,261 "," 145,806 ", 539 , 611 , 87 ," 4,846 ", 915 , 835 ," 12,272 ",39.5,53.2,0.2,0.2,0.0,1.8,0.3,0.3,4.5
E08000025,Birmingham," 276,327 "," 389,406 "," 4,340 "," 21,997 "," 1,687 "," 341,811 "," 33,126 "," 6,367 "," 69,856 ",24.1,34.0,0.4,1.9,0.1,29.9,2.9,0.6,6.1
E08000026,Coventry," 102,338 "," 151,577 "," 1,257 "," 13,724 ", 259 ," 35,800 "," 17,297 "," 1,908 "," 21,166 ",29.6,43.9,0.4,4.0,0.1,10.4,5.0,0.6,6.1
E08000027,Dudley," 116,404 "," 159,461 ", 798 ," 2,193 ", 83 ," 19,978 "," 5,316 "," 1,463 "," 17,792 ",36.0,49.3,0.2,0.7,0.0,6.2,1.6,0.5,5.5
E08000028,Sandwell," 89,102 "," 136,354 ", 943 ," 9,447 ", 79 ," 45,763 "," 39,252 "," 2,430 "," 18,465 ",26.1,39.9,0.3,2.8,0.0,13.4,11.5,0.7,5.4
E08000029,Solihull," 71,065 "," 109,707 ", 594 ," 6,037 ", 283 ," 11,532 "," 5,029 ", 821 ," 11,173 ",32.9,50.7,0.3,2.8,0.1,5.3,2.3,0.4,5.2
E08000030,Walsall," 85,819 "," 126,921 ", 533 ," 5,096 ", 74 ," 32,107 "," 17,148 "," 1,658 "," 14,768 ",30.2,44.7,0.2,1.8,0.0,11.3,6.0,0.6,5.2
E08000031,Wolverhampton," 73,317 "," 115,640 ", 915 ," 9,882 ", 94 ," 14,489 "," 31,769 "," 3,158 "," 14,465 ",27.8,43.8,0.3,3.7,0.0,5.5,12.0,1.2,5.5
E08000032,Bradford," 154,305 "," 182,566 ", 959 ," 4,757 ", 254 ," 166,846 "," 4,834 "," 2,074 "," 29,816 ",28.2,33.4,0.2,0.9,0.0,30.5,0.9,0.4,5.5
E08000033,Calderdale," 86,787 "," 85,677 ", 630 ," 1,173 ", 153 ," 19,650 ", 387 ," 1,045 "," 11,129 ",42.0,41.5,0.3,0.6,0.1,9.5,0.2,0.5,5.4
E08000034,Kirklees," 150,599 "," 170,577 ", 996 ," 1,723 ", 187 ," 80,046 "," 3,476 "," 1,663 "," 23,949 ",34.8,39.4,0.2,0.4,0.0,18.5,0.8,0.4,5.5
E08000035,Leeds," 326,231 "," 343,311 "," 2,874 "," 9,217 "," 6,267 "," 63,054 "," 10,047 "," 3,637 "," 47,315 ",40.2,42.3,0.4,1.1,0.8,7.8,1.2,0.4,5.8
E08000036,Wakefield," 145,950 "," 173,070 ", 797 ," 1,270 ", 127 ," 11,279 ", 501 ," 1,405 "," 18,972 ",41.3,49.0,0.2,0.4,0.0,3.2,0.1,0.4,5.4
E08000037,Gateshead," 78,572 "," 99,572 ", 469 , 522 ," 2,905 "," 4,126 ", 386 , 797 ," 8,804 ",40.1,50.8,0.2,0.3,1.5,2.1,0.2,0.4,4.5
E09000001,City of London," 3,763 "," 2,976 ", 95 , 203 , 177 , 540 , 6 , 55 , 767 ,43.8,34.7,1.1,2.4,2.1,6.3,0.1,0.6,8.9
E09000002,Barking and Dagenham," 41,191 "," 99,342 ", 821 ," 6,596 ", 272 ," 53,389 "," 4,284 ", 981 ," 11,991 ",18.8,45.4,0.4,3.0,0.1,24.4,2.0,0.4,5.5
E09000003,Barnet," 78,684 "," 142,321 "," 4,158 "," 22,105 "," 56,616 "," 47,688 "," 1,524 "," 5,192 "," 31,056 ",20.2,36.6,1.1,5.7,14.5,12.2,0.4,1.3,8.0
E09000004,Bexley," 82,816 "," 123,908 "," 2,048 "," 7,516 ", 217 ," 9,721 "," 5,272 ", 988 ," 13,986 ",33.6,50.3,0.8,3.0,0.1,3.9,2.1,0.4,5.7
E09000005,Brent," 46,153 "," 131,914 "," 3,117 "," 52,876 "," 3,723 "," 72,574 "," 1,530 "," 4,424 "," 23,506 ",13.6,38.8,0.9,15.6,1.1,21.4,0.5,1.3,6.9
E09000006,Bromley," 122,943 "," 159,452 "," 2,100 "," 9,644 ", 966 ," 10,876 "," 1,068 "," 1,704 "," 21,238 ",37.3,48.3,0.6,2.9,0.3,3.3,0.3,0.5,6.4
E09000007,Camden," 72,776 "," 65,980 "," 2,410 "," 3,991 "," 10,079 "," 33,830 ", 487 ," 1,842 "," 18,743 ",34.6,31.4,1.1,1.9,4.8,16.1,0.2,0.9,8.9
E09000008,Croydon," 101,119 "," 190,880 "," 2,371 "," 23,145 ", 609 ," 40,717 "," 1,654 "," 3,189 "," 27,035 ",25.9,48.9,0.6,5.9,0.2,10.4,0.4,0.8,6.9
E09000009,Ealing," 70,233 "," 138,937 "," 4,003 "," 28,236 "," 1,041 "," 68,907 "," 28,491 "," 2,733 "," 24,533 ",19.1,37.8,1.1,7.7,0.3,18.8,7.8,0.7,6.7
E09000010,Enfield," 65,241 "," 153,015 "," 1,716 "," 10,231 "," 3,713 "," 61,477 "," 1,199 "," 10,351 "," 23,041 ",19.8,46.4,0.5,3.1,1.1,18.6,0.4,3.1,7.0
E09000011,Greenwich," 94,208 "," 129,112 "," 5,034 "," 11,647 ", 603 ," 24,715 "," 3,229 "," 1,802 "," 18,716 ",32.6,44.7,1.7,4.0,0.2,8.5,1.1,0.6,6.5
E09000012,Hackney," 94,113 "," 79,499 "," 2,343 "," 1,998 "," 17,426 "," 34,578 "," 1,867 "," 4,879 "," 22,442 ",36.3,30.7,0.9,0.8,6.7,13.3,0.7,1.9,8.7
E09000013,Hammersmith and Fulham," 56,059 "," 83,673 "," 1,723 "," 2,209 "," 1,228 "," 21,290 ", 450 ," 1,227 "," 15,298 ",30.6,45.7,0.9,1.2,0.7,11.6,0.2,0.7,8.4
E09000014,Haringey," 83,535 "," 103,944 "," 2,455 "," 3,529 "," 9,397 "," 33,295 ", 892 ," 6,164 "," 21,027 ",31.6,39.3,0.9,1.3,3.6,12.6,0.3,2.3,8.0
E09000015,Harrow," 27,748 "," 88,602 "," 2,812 "," 67,392 "," 7,304 "," 41,503 "," 2,743 "," 7,695 "," 15,404 ",10.6,33.9,1.1,25.8,2.8,15.9,1.1,2.9,5.9
E09000016,Havering," 80,235 "," 136,765 "," 1,092 "," 6,454 "," 1,305 "," 16,135 "," 4,498 "," 1,056 "," 14,512 ",30.6,52.2,0.4,2.5,0.5,6.2,1.7,0.4,5.5
E09000017,Hillingdon," 59,214 "," 119,434 "," 2,621 "," 33,020 "," 1,392 "," 44,077 "," 26,339 "," 2,683 "," 17,129 ",19.4,39.0,0.9,10.8,0.5,14.4,8.6,0.9,5.6
E09000018,Hounslow," 53,502 "," 110,269 "," 3,932 "," 27,360 ", 622 ," 48,028 "," 24,677 "," 2,323 "," 17,469 ",18.6,38.3,1.4,9.5,0.2,16.7,8.6,0.8,6.1
E09000019,Islington," 88,466 "," 75,129 "," 1,813 "," 2,195 "," 2,714 "," 25,840 ", 603 ," 2,930 "," 16,902 ",40.8,34.7,0.8,1.0,1.3,11.9,0.3,1.4,7.8
E09000020,Kensington and Chelsea," 35,610 "," 69,335 "," 1,606 "," 1,584 "," 2,681 "," 16,865 ", 319 ," 1,064 "," 14,311 ",24.8,48.4,1.1,1.1,1.9,11.8,0.2,0.7,10.0
E09000021,Kingston upon Thames," 57,641 "," 71,670 "," 1,726 "," 8,456 ", 693 ," 13,366 "," 1,428 "," 1,119 "," 11,966 ",34.3,42.6,1.0,5.0,0.4,8.0,0.8,0.7,7.1
E09000022,Lambeth," 119,123 "," 138,714 "," 2,437 "," 3,179 "," 1,344 "," 25,871 ", 527 ," 2,351 "," 24,110 ",37.5,43.7,0.8,1.0,0.4,8.1,0.2,0.7,7.6
E09000023,Lewisham," 110,379 "," 131,706 "," 3,270 "," 6,459 ", 826 ," 22,264 ", 720 ," 2,269 "," 22,660 ",36.7,43.8,1.1,2.1,0.3,7.4,0.2,0.8,7.5
E09000024,Merton," 60,224 "," 101,320 "," 1,899 "," 12,610 ", 754 ," 21,673 ", 614 ," 1,205 "," 14,888 ",28.0,47.1,0.9,5.9,0.4,10.1,0.3,0.6,6.9
E09000025,Newham," 50,795 "," 123,746 "," 2,160 "," 21,405 ", 448 ," 122,146 "," 5,638 "," 1,765 "," 22,933 ",14.5,35.3,0.6,6.1,0.1,34.8,1.6,0.5,6.5
E09000026,Redbridge," 38,999 "," 94,473 "," 1,611 "," 34,372 "," 6,412 "," 97,068 "," 17,622 "," 2,028 "," 17,675 ",12.6,30.4,0.5,11.1,2.1,31.3,5.7,0.7,5.7
E09000027,Richmond upon Thames," 74,076 "," 88,556 "," 1,593 "," 4,184 "," 1,262 "," 8,492 "," 1,987 "," 1,273 "," 13,855 ",37.9,45.3,0.8,2.1,0.6,4.3,1.0,0.7,7.1
E09000028,Southwark," 111,935 "," 133,298 "," 2,965 "," 3,444 "," 1,243 "," 29,633 ", 632 ," 2,149 "," 22,338 ",36.4,43.3,1.0,1.1,0.4,9.6,0.2,0.7,7.3
E09000029,Sutton," 67,769 "," 95,960 "," 1,822 "," 14,666 ", 407 ," 14,736 ", 447 ," 1,244 "," 12,589 ",32.3,45.8,0.9,7.0,0.2,7.0,0.2,0.6,6.0
E09000030,Tower Hamlets," 82,635 "," 69,223 "," 2,961 "," 6,298 "," 1,341 "," 123,912 ", 966 ," 1,652 "," 21,318 ",26.6,22.3,1.0,2.0,0.4,39.9,0.3,0.5,6.9
E09000031,Waltham Forest," 77,739 "," 108,630 "," 1,834 "," 5,155 "," 1,268 "," 60,157 "," 1,285 "," 2,810 "," 19,548 ",27.9,39.0,0.7,1.9,0.5,21.6,0.5,1.0,7.0
E09000032,Wandsworth," 118,543 "," 139,656 "," 2,275 "," 6,419 "," 1,756 "," 32,519 ", 967 ," 1,871 "," 23,500 ",36.2,42.6,0.7,2.0,0.5,9.9,0.3,0.6,7.2
E09000033,Westminster," 52,936 "," 76,245 "," 2,603 "," 4,457 "," 5,628 "," 40,873 ", 573 ," 1,741 "," 19,179 ",25.9,37.3,1.3,2.2,2.8,20.0,0.3,0.9,9.4
W06000001,Isle of Anglesey," 28,066 "," 35,485 ", 154 , 62 , 30 , 328 , 30 , 278 ," 4,446 ",40.7,51.5,0.2,0.1,0.0,0.5,0.0,0.4,6.5
W06000002,Gwynedd," 51,941 "," 54,249 ", 426 , 255 , 59 ," 1,137 ", 46 , 770 ," 8,512 ",44.2,46.2,0.4,0.2,0.1,1.0,0.0,0.7,7.3
W06000003,Conwy," 46,946 "," 58,283 ", 375 , 254 , 63 , 842 , 33 , 621 ," 7,324 ",40.9,50.8,0.3,0.2,0.1,0.7,0.0,0.5,6.4
W06000004,Denbighshire," 40,297 "," 47,226 ", 320 , 209 , 48 , 740 , 38 , 483 ," 6,456 ",42.1,49.3,0.3,0.2,0.1,0.8,0.0,0.5,6.7
W06000005,Flintshire," 62,995 "," 79,849 ", 397 , 320 , 60 , 739 , 23 , 476 ," 10,102 ",40.7,51.5,0.3,0.2,0.0,0.5,0.0,0.3,6.5
W06000006,Wrexham," 56,477 "," 66,880 ", 404 , 333 , 51 ," 1,540 ", 78 , 513 ," 8,841 ",41.8,49.5,0.3,0.2,0.0,1.1,0.1,0.4,6.5
W06000008,Ceredigion," 30,749 "," 33,409 ", 378 , 158 , 75 , 515 , 35 , 677 ," 5,480 ",43.0,46.7,0.5,0.2,0.1,0.7,0.0,0.9,7.7
W06000009,Pembrokeshire," 52,998 "," 60,174 ", 462 , 161 , 58 , 587 , 32 , 746 ," 8,145 ",43.0,48.8,0.4,0.1,0.0,0.5,0.0,0.6,6.6
W06000010,Carmarthenshire," 83,409 "," 89,378 ", 557 , 419 , 103 ," 1,026 ", 177 ," 1,127 "," 11,703 ",44.4,47.6,0.3,0.2,0.1,0.5,0.1,0.6,6.2
W06000011,Swansea," 112,687 "," 98,492 ", 942 ," 1,010 ", 159 ," 7,694 ", 346 ," 1,175 "," 15,985 ",47.3,41.3,0.4,0.4,0.1,3.2,0.1,0.5,6.7
W06000012,Neath Port Talbot," 70,941 "," 59,974 ", 383 , 400 , 32 ," 1,062 ", 151 , 630 ," 8,716 ",49.9,42.1,0.3,0.3,0.0,0.7,0.1,0.4,6.1
W06000013,Bridgend," 76,141 "," 58,776 ", 398 , 339 , 38 , 797 , 98 , 692 ," 8,209 ",52.3,40.4,0.3,0.2,0.0,0.5,0.1,0.5,5.6
W06000014,Vale of Glamorgan," 63,164 "," 58,237 ", 420 , 440 , 143 ," 1,205 ", 147 , 641 ," 7,546 ",47.9,44.1,0.3,0.3,0.1,0.9,0.1,0.5,5.7
W06000015,Cardiff," 155,589 "," 138,885 "," 1,630 "," 5,434 ", 690 ," 33,650 "," 1,517 "," 2,028 "," 22,888 ",42.9,38.3,0.4,1.5,0.2,9.3,0.4,0.6,6.3
W06000016,Rhondda Cynon Taf," 133,486 "," 86,474 ", 588 , 497 , 72 ," 1,378 ", 248 ," 1,083 "," 13,826 ",56.2,36.4,0.2,0.2,0.0,0.6,0.1,0.5,5.8
W06000018,Caerphilly," 99,767 "," 63,998 ", 322 , 246 , 84 , 594 , 210 , 766 ," 9,966 ",56.7,36.4,0.2,0.1,0.0,0.3,0.1,0.4,5.7
W06000019,Blaenau Gwent," 37,706 "," 24,392 ", 119 , 76 , 10 , 287 , 108 , 309 ," 3,897 ",56.4,36.5,0.2,0.1,0.0,0.4,0.2,0.5,5.8
W06000020,Torfaen," 46,872 "," 38,327 ", 260 , 253 , 14 , 363 , 62 , 490 ," 5,631 ",50.8,41.5,0.3,0.3,0.0,0.4,0.1,0.5,6.1
W06000021,Monmouthshire," 40,311 "," 45,250 ", 339 , 204 , 79 , 435 , 102 , 519 ," 5,720 ",43.4,48.7,0.4,0.2,0.1,0.5,0.1,0.6,6.2
W06000022,Newport," 68,564 "," 68,287 ", 479 , 761 , 90 ," 11,280 ", 415 , 739 ," 8,977 ",43.0,42.8,0.3,0.5,0.1,7.1,0.3,0.5,5.6
W06000023,Powys," 55,971 "," 65,134 ", 595 , 307 , 81 , 462 , 72 , 935 ," 9,612 ",42.0,48.9,0.4,0.2,0.1,0.3,0.1,0.7,7.2
W06000024,Merthyr Tydfil," 31,322 "," 23,614 ", 127 , 110 , 5 , 289 , 82 , 229 ," 3,061 ",53.2,40.1,0.2,0.2,0.0,0.5,0.1,0.4,5.2